EmailStatus,Job Title,Job Link,Owner,Invitation to Bid,Project Value,Location,Stage,Bid Date,Start Date,Documents,Last Updated,Search Tags,Favorite,Status
Yes,Agate Street Complete Project,https://app.constructconnect.com/project/7341364/c?sourceType=3,,,"$1,800,000","Jurupa Valley, CA",GC Bidding,"Jan 14, 2026","Mar 16, 2026",Drawings & Specs Available,"Jan 14, 2026",,False,New
Yes,Terminal 7 Dock Repair,https://app.constructconnect.com/project/7375068/c?sourceType=3,,,"$900,000","Los Angeles, CA",GC Bidding,"Feb 12, 2026","Mar 16, 2026",Drawings & Specs Available,"Jan 14, 2026",,False,New
Yes,Construction of Murchison Street Elementary School - New Play Structure & Matting,https://app.constructconnect.com/project/7332356/c?sourceType=3,,,"$695,000","Los Angeles, CA",GC Bidding,"Jan 22, 2026","Feb 23, 2026",Drawings & Specs Available,"Jan 14, 2026",,False,New
Yes,New Emergency Operations Center at Burbank City Hall,https://app.constructconnect.com/project/7369280/c?sourceType=3,,,"$650,000","Burbank, CA",GC Bidding,"Feb 3, 2026","Mar 5, 2026",Drawings & Specs Available,"Jan 14, 2026",,False,New
Yes,2025 Annual Asphalt Concrete Overlay Project (CIP PROJECT #93018),https://app.constructconnect.com/project/7375641/c?sourceType=3,,,"$2,000,000","Corona, CA",GC Bidding,"Jan 29, 2026","Mar 15, 2026",Sent to Scan,"Jan 13, 2026",,False,New
Yes,DBAA 24 Well Redevelopments,https://app.constructconnect.com/project/7300281/c?sourceType=3,,,"$324,781","Santa Clarita, CA",GC Bidding,"Jan 30, 2026","Mar 2, 2026",Drawings & Specs Available,"Jan 13, 2026",,False,New
Yes,OCFA Fire Station 71 Fuel Station Replacement,https://app.constructconnect.com/project/7379610/c?sourceType=3,,,"$750,000","Santa Ana, CA",GC Bidding,"Jan 27, 2026","Mar 13, 2026",Requesting Plans,"Jan 13, 2026",,False,New
Yes,IFB for the Construction of the Regional Sewer System Manhole Upgrades Project No. EN6055,https://app.constructconnect.com/project/7379595/c?sourceType=3,,,"$223,200","Chino, CA",GC Bidding,"Feb 10, 2026","Mar 27, 2026",Requesting Plans,"Jan 13, 2026",,False,New
Yes,RFQ - LAHC - Infrastructure – CDC Building Waste Line Replacement,https://app.constructconnect.com/project/7379604/c?sourceType=3,,,"$2,000,000","Monterey Park, CA",GC Bidding,"Feb 12, 2026","Mar 29, 2026",Requesting Plans,"Jan 13, 2026",,False,New
Yes,"PD Modular Building Improvements, City Project No. 5311",https://app.constructconnect.com/project/7379608/c?sourceType=3,,,"$25,000","Placentia, CA",GC Bidding,"Jan 30, 2026","Mar 15, 2026",Requesting Plans,"Jan 13, 2026",,False,New
Yes,"Syd Kronenthal Park Stormwater Capture Project Design and Environmental Services, PW-004",https://app.constructconnect.com/project/7379609/c?sourceType=3,,,"$500,000","Culver City, CA",GC Bidding,"Feb 12, 2026","Mar 29, 2026",Requesting Plans,"Jan 13, 2026",,False,New
Yes,"Professional Architectural, Engineering, and Design Services",https://app.constructconnect.com/project/7377979/c?sourceType=3,,,"$100,000","Norco, CA",GC Bidding,"Feb 9, 2026","Mar 26, 2026",Sent to Scan,"Jan 13, 2026",,False,New
Yes,"Oaks Stairway and Overlook Project - East-fork, San Gaberial River",https://app.constructconnect.com/project/7356750/c?sourceType=3,,,"$300,000","Azusa, CA",GC Bidding,"Jan 27, 2026","Feb 2, 2026",Drawings & Specs Available,"Jan 13, 2026",,False,New
Yes,RFP Engineering - Request for Proposal for Traffic Engineering Services,https://app.constructconnect.com/project/7365946/c?sourceType=3,,,"$200,000","La Palma, CA",GC Bidding,"Jan 22, 2026","Mar 7, 2026",Requesting Plans,"Jan 13, 2026",,False,New
Yes,Decommissioning of PRVs RPR 003 and RPR 069,https://app.constructconnect.com/project/7354358/c?sourceType=3,,,"$140,000","Irvine, CA",GC Bidding,"Jan 22, 2026","Mar 9, 2026",Drawings & Specs Available,"Jan 13, 2026",,False,New
Yes,Contreras Road and Johnson Road Resurfacing,https://app.constructconnect.com/project/7377841/c?sourceType=3,,,"$1,050,000","Riverside, CA",GC Bidding,"Feb 4, 2026","Apr 6, 2026",Specs Only,"Jan 13, 2026",,False,New
Yes,PD Modular Building Improvements,https://app.constructconnect.com/project/7375606/c?sourceType=3,,,"$25,000","Placentia, CA",GC Bidding,"Jan 30, 2026","Mar 2, 2026",Sent to Scan,"Jan 13, 2026",,False,New
Yes,Senior Grant Program Construction Rehabilitation Services,https://app.constructconnect.com/project/7378149/c?sourceType=3,,,"$30,000","Whittier, CA",GC Bidding,"Jan 19, 2026","Feb 18, 2026",Drawings & Specs Available,"Jan 13, 2026",,False,New
Yes,Houghton Park Playground,https://app.constructconnect.com/project/7367677/c?sourceType=3,,,"$100,000","Long Beach, CA",GC Bidding,"Feb 19, 2026","Mar 23, 2026",Drawings & Specs Available,"Jan 13, 2026",,False,New
Yes,Portable Classrooms at Grand Terrace Elementary School,https://app.constructconnect.com/project/7363596/c?sourceType=3,,,"$600,000","Grand Terrace, CA",GC Bidding,"Jan 22, 2026","Feb 23, 2026",Drawings & Specs Available,"Jan 13, 2026",,False,New
Yes,Bid for the Construction of a Temporary Parking Lot at the Torrance Regional Transit Center,https://app.constructconnect.com/project/7349758/c?sourceType=3,,,"$250,000","Torrance, CA",GC Bidding,"Feb 13, 2026","Mar 16, 2026",Drawings & Specs Available,"Jan 13, 2026",,False,New
Yes,Central Avenue Slope Repair Project,https://app.constructconnect.com/project/7362839/c?sourceType=3,,,"$475,800","Riverside, CA",GC Bidding,"Jan 29, 2026","Mar 2, 2026",Drawings & Specs Available,"Jan 13, 2026",,False,New
Yes,Residential Concrete Improvement 2025 - 26,https://app.constructconnect.com/project/7376483/c?sourceType=3,,,"$500,000","Santa Fe Springs, CA",GC Bidding,"Jan 15, 2026","Mar 1, 2026",Requesting Plans,"Jan 13, 2026",,False,New
Yes,Basketball Pole Replacement at Four School Sites,https://app.constructconnect.com/project/7375114/c?sourceType=3,,,"$200,000","San Bernardino, CA",GC Bidding,"Feb 5, 2026","Mar 9, 2026",Specs Only,"Jan 13, 2026",,False,New
Yes,City-wide Traffic Striping and Pavement Marking,https://app.constructconnect.com/project/7374538/c?sourceType=3,,,"$400,000","Highland, CA",GC Bidding,"Jan 28, 2026","Feb 27, 2026",Specs Only,"Jan 13, 2026",,False,New
Yes,MPR Upgrades Various School Sites Project,https://app.constructconnect.com/project/7347130/c?sourceType=3,,,"$300,000","Colton, CA",GC Bidding,"Jan 16, 2026","Jan 30, 2026",Specs Only,"Jan 13, 2026",,False,New
Yes,Request for Proposals:  Existing Main Metered Service Modifications to Existing Generator System at City Hall Building for City Hall And Police Department,https://app.constructconnect.com/project/7376423/c?sourceType=3,,,"$75,000","Norco, CA",GC Bidding,"Feb 9, 2026","Mar 11, 2026",Drawings & Specs Available,"Jan 13, 2026",,False,New
Yes,Ball Wall Projects Group 2,https://app.constructconnect.com/project/7355273/c?sourceType=3,,,"$500,000","Santa Ana, CA",GC Bidding,"Jan 27, 2026","Mar 9, 2026",Drawings & Specs Available,"Jan 13, 2026",,False,New
Yes,Garfield Elementary School ECE Playground Improvements & Ball Wall - General Construction,https://app.constructconnect.com/project/7355269/c?sourceType=3,,,"$300,000","Santa Ana, CA",GC Bidding,"Jan 27, 2026","Mar 9, 2026",Drawings & Specs Available,"Jan 13, 2026",,False,New
Yes,Montecito Drive Transit Access Improvements Project (Re-Bid),https://app.constructconnect.com/project/5917535/c?sourceType=3,,,"$370,000","Chino Hills, CA",GC Bidding,"Feb 5, 2026","Mar 9, 2026",Drawings & Specs Available,"Jan 13, 2026",,False,New
Yes,"Ball Wall Projects Group 1 at Jackson, Jefferson, King, Madison, Martin, and Thorpe Fundamental, with Alternates - General Construction",https://app.constructconnect.com/project/7355274/c?sourceType=3,,,"$1,000,000","Santa Ana, CA",GC Bidding,"Jan 27, 2026","Mar 9, 2026",Drawings & Specs Available,"Jan 13, 2026",,False,New
Yes,MPR Renovations at Multiple Sites,https://app.constructconnect.com/project/7357386/c?sourceType=3,,,"$1,100,000","Villa Park, CA",GC Bidding,"Jan 29, 2026","Mar 9, 2026",Drawings & Specs Available,"Jan 13, 2026",,False,New
Yes,Bridge Preventive Maintenance Program,https://app.constructconnect.com/project/7348914/c?sourceType=3,,,,"Riverside, CA",GC Bidding,"Jan 28, 2026","Mar 30, 2026",Drawings & Specs Available,"Jan 13, 2026",,False,New
Yes,Re-Bid Buck Road - Warren Road Resurfacing Project,https://app.constructconnect.com/project/6649703/c?sourceType=3,,,"$1,850,000","Riverside, CA",GC Bidding,"Jan 14, 2026","Mar 16, 2026",Drawings & Specs Available,"Jan 13, 2026",,False,New
Yes,"Lunch and Shade Structures - 5 Sites: Beechwood, Maple, Richman, Sunset Lane, Woodcrest",https://app.constructconnect.com/project/7378923/c?sourceType=3,,,"$50,000","Fullerton, CA",GC Bidding,"Feb 17, 2026","Apr 3, 2026",Requesting Plans,"Jan 13, 2026",,False,New
Yes,Powell Library Room 30 Compact Shelving Renovation,https://app.constructconnect.com/project/7378621/c?sourceType=3,,,"$1,214,255","Los Angeles, CA",GC Bidding,"Feb 17, 2026","Apr 3, 2026",Sent to Scan,"Jan 13, 2026",,False,New
Yes,Gymnasium Equipment Improvements at EMHS,https://app.constructconnect.com/project/7371432/c?sourceType=3,,,"$200,000","Orange, CA",GC Bidding,"Jan 22, 2026","May 11, 2026",Drawings & Specs Available,"Jan 13, 2026",,False,New
Yes,District Wide Fall Protection Project - Phase 1,https://app.constructconnect.com/project/7353598/c?sourceType=3,,,"$682,580","Costa Mesa, CA",GC Bidding,"Jan 21, 2026","Feb 20, 2026",Specs Only,"Jan 13, 2026",,False,New
Yes,RFP - Vegetation Management and Brush Removal Services,https://app.constructconnect.com/project/7378973/c?sourceType=3,,,"$200,000","Chino Hills, CA",GC Bidding,"Feb 5, 2026","Mar 22, 2026",Requesting Plans,"Jan 13, 2026",,False,New
Yes,Storm Drain Repair at 2372 E. Lynwood Drive,https://app.constructconnect.com/project/7370872/c?sourceType=3,,,"$200,000","San Bernardino, CA",GC Bidding,"Feb 3, 2026","Mar 5, 2026",Specs Only,"Jan 13, 2026",,False,New
Yes,"Professional Design Engineering Services for E Street Median Safety Improvements (Fairway Dr to 10th St, HSIP Cycle 12 – 5033(060)) Re-Bid",https://app.constructconnect.com/project/7377977/c?sourceType=3,,,"$2,000,000","San Bernardino, CA",GC Bidding,"Feb 2, 2026","Mar 19, 2026",Requesting Plans,"Jan 13, 2026",,False,New
Yes,Professional Design Engineering Services for Citywide ADA & Section 504 Compliance Program Development and Implementation CIP No. SS24-010,https://app.constructconnect.com/project/7377976/c?sourceType=3,,,"$500,000","San Bernardino, CA",GC Bidding,"Feb 2, 2026","Mar 19, 2026",Requesting Plans,"Jan 13, 2026",,False,New
Yes,"Syd Kronenthal Park Stormwater Capture Project Design and Environmental Services, PW-004",https://app.constructconnect.com/project/7377985/c?sourceType=3,,,"$500,000","Culver City, CA",GC Bidding,"Feb 12, 2026","Mar 29, 2026",Requesting Plans,"Jan 13, 2026",,False,New
Yes,RFQ - LAHC - Infrastructure – CDC Building Waste Line Replacement,https://app.constructconnect.com/project/7378968/c?sourceType=3,,,"$500,000","Wilmington, CA",GC Bidding,"Feb 12, 2026","Mar 29, 2026",Requesting Plans,"Jan 13, 2026",,False,New
Yes,"REBID - Hillside Cemetery Fencing, Irrigation & Landscaping Project",https://app.constructconnect.com/project/7377975/c?sourceType=3,,,,"Redlands, CA",GC Bidding,"Jan 28, 2026","Mar 14, 2026",Requesting Plans,"Jan 13, 2026",,False,New
Yes,Senior Grant Program Construction Rehabilitation Services,https://app.constructconnect.com/project/7376340/c?sourceType=3,,,"$100,000","Rowland Heights, CA",GC Bidding,"Jan 19, 2026","Feb 18, 2026",Specs Only,"Jan 13, 2026",,False,New
Yes,Veterans Monument,https://app.constructconnect.com/project/7376099/c?sourceType=3,,,"$52,000","Rancho Santa Margarita, CA",GC Bidding,"Feb 3, 2026","Mar 5, 2026",Drawings & Specs Available,"Jan 13, 2026",,False,New
Yes,Bathroom Remodel at OCFA Fire Station 45,https://app.constructconnect.com/project/7331009/c?sourceType=3,,,"$550,000","Rancho Santa Margarita, CA",GC Bidding,"Jan 21, 2026","Apr 1, 2026",Drawings & Specs Available,"Jan 13, 2026",,False,New
Yes,Sewage Sump Pump Systems Upgrade,https://app.constructconnect.com/project/7349440/c?sourceType=3,,,"$200,000","Inglewood, CA",GC Bidding,"Jan 14, 2026","Feb 13, 2026",Drawings & Specs Available,"Jan 13, 2026",,False,New
Yes,VL107 Reconfiguration Project,https://app.constructconnect.com/project/7349105/c?sourceType=3,,,"$2,000,000","Santa Ana, CA",GC Bidding,"Jan 21, 2026","Mar 23, 2026",Drawings & Specs Available,"Jan 13, 2026",,False,New
Yes,Saddleback College Science Building AV Refresh Project,https://app.constructconnect.com/project/7360572/c?sourceType=3,,,"$350,000","Mission Viejo, CA",GC Bidding,"Jan 29, 2026","Mar 16, 2026",Drawings & Specs Available,"Jan 13, 2026",,False,New
Yes,Central Plant Cooling Tower Replacement,https://app.constructconnect.com/project/6841216/c?sourceType=3,,,"$1,970,822","Chino, CA",GC Bidding,"Jan 22, 2026","Mar 23, 2026",Drawings & Specs Available,"Jan 13, 2026",,False,New
Yes,Well 2 VFD Replacement,https://app.constructconnect.com/project/7347873/c?sourceType=3,,,"$30,000","Claremont, CA",GC Bidding,"Jan 20, 2026","Feb 19, 2026",Drawings & Specs Available,"Jan 13, 2026",,False,New
Yes,2025 CDBG Residential Street Overlay Project,https://app.constructconnect.com/project/7376911/c?sourceType=3,,,"$715,586","Westminster, CA",GC Bidding,"Feb 3, 2026","Mar 2, 2026",Drawings & Specs Available,"Jan 13, 2026",,False,New
Yes,Terrace View Elementary School TK Modular Addition,https://app.constructconnect.com/project/7343366/c?sourceType=3,,,"$1,000,000","Grand Terrace, CA",GC Bidding,"Jan 20, 2026","Feb 2, 2026",Drawings & Specs Available,"Jan 13, 2026",,False,New
Yes,R-7261 Contract For Local Street Improvements,https://app.constructconnect.com/project/7376025/c?sourceType=3,,,"$2,000,000","Long Beach, CA",GC Bidding,"Feb 4, 2026","Mar 2, 2026",Sent to Scan,"Jan 13, 2026",,False,New
Yes,Kitchen Remodel at OCFA Fire Station 32,https://app.constructconnect.com/project/7361308/c?sourceType=3,,,"$550,000","Yorba Linda, CA",GC Bidding,"Jan 21, 2026","Feb 20, 2026",Drawings & Specs Available,"Jan 13, 2026",,False,New
Yes,Valley View Avenue at Alondra Boulevard Intersection Improvement,https://app.constructconnect.com/project/7348414/c?sourceType=3,,,"$800,000","Santa Fe Springs, CA",GC Bidding,"Jan 22, 2026","Feb 23, 2026",Drawings & Specs Available,"Jan 12, 2026",,False,New
Yes,Relocation of 12-Inch Domestic Water Pipeline at I-5 Segment 1and Sand Canyon Avenue,https://app.constructconnect.com/project/7355800/c?sourceType=3,,,"$393,000","Irvine, CA",GC Bidding,"Feb 3, 2026","Mar 5, 2026",Drawings & Specs Available,"Jan 12, 2026",,False,New
Yes,RFP Contractor - Fence Repair & Replacement - Gates Canyon Park,https://app.constructconnect.com/project/7306976/c?sourceType=3,,,"$80,000","Calabasas, CA",GC Bidding,"Jan 22, 2026","Feb 20, 2026",Specs Only,"Jan 12, 2026",,False,New
Yes,P&D Portable Relocation,https://app.constructconnect.com/project/7372275/c?sourceType=3,,,"$200,000","Riverside, CA",GC Bidding,"Jan 21, 2026","Feb 20, 2026",Specs Only,"Jan 12, 2026",,False,New
Yes,"Installation of 4 District Purchased Portable Buildings, Site Access Improvements & Install Fire Hydrant",https://app.constructconnect.com/project/7376070/c?sourceType=3,,,"$250,000","Fullerton, CA",GC Bidding,"Feb 20, 2026","Apr 6, 2026",Requesting Plans,"Jan 12, 2026",,False,New
Yes,Costa Mesa Skate Park Expansion,https://app.constructconnect.com/project/7358411/c?sourceType=3,,,"$2,000,000","Costa Mesa, CA",GC Bidding,"Jan 22, 2026","Mar 23, 2026",Drawings & Specs Available,"Jan 12, 2026",,False,New
Yes,Water Main Replacement on 7th St From Valley Blvd To Shorb St,https://app.constructconnect.com/project/7371269/c?sourceType=3,,,"$510,000","Alhambra, CA",GC Bidding,"Feb 5, 2026","Apr 6, 2026",Drawings & Specs Available,"Jan 12, 2026",,False,New
Yes,Storm Drain Improvements For Citrus Avenue,https://app.constructconnect.com/project/7377450/c?sourceType=3,,,"$310,000","Loma Linda, CA",GC Bidding,"Feb 17, 2026","Mar 19, 2026",Specs Only,"Jan 12, 2026",,False,New
Yes,Palmdale Water District Well 2 and 3 Rehabilitation,https://app.constructconnect.com/project/7337514/c?sourceType=3,,,"$300,000","Palmdale, CA",GC Bidding,"Jan 14, 2026","Feb 11, 2026",Sent to Scan,"Jan 12, 2026",,False,New
Yes,Pre-K Playground Replacement at Lincoln Elementary School,https://app.constructconnect.com/project/7345451/c?sourceType=3,,,"$300,000","Lynwood, CA",GC Bidding,"Jan 20, 2026","Mar 2, 2026",Specs Only,"Jan 12, 2026",,False,New
Yes,James George Bell House Building Exterior Repairs And Painting Project,https://app.constructconnect.com/project/7348371/c?sourceType=3,,,"$190,000","Bell Gardens, CA",GC Bidding,"Jan 27, 2026","Feb 26, 2026",Drawings & Specs Available,"Jan 12, 2026",,False,New
Yes,"RFQ D/B -  Renovation of City Hall Lobby for New Office Space, Centralized Security Desk, Grab-n-go Food Service Area, and Multi-purpose Room",https://app.constructconnect.com/project/7341929/c?sourceType=3,,,"$1,200,000","Riverside, CA",GC Bidding,"Jan 21, 2026","Sep 21, 2026",Drawings & Specs Available,"Jan 12, 2026",,False,New
Yes,Weingart Senior Center Renovation Project,https://app.constructconnect.com/project/7316231/c?sourceType=3,,,"$600,000","Lakewood, CA",GC Bidding,"Jan 21, 2026","Feb 20, 2026",Requesting Plans,"Jan 12, 2026",,False,New
Yes,2026 Spring CDBG Maintenance Slurry Seal and Pavement Management Project,https://app.constructconnect.com/project/7285815/c?sourceType=3,,,"$750,000","Ontario, CA",GC Bidding,"Jan 29, 2026","Mar 2, 2026",Drawings & Specs Available,"Jan 12, 2026",,False,New
Yes,Taft Elementary School ECE Playground Improvements & Taft Elementary School Ball Wall / Storage - General Construction,https://app.constructconnect.com/project/7358129/c?sourceType=3,,,"$500,000","Santa Ana, CA",GC Bidding,"Jan 27, 2026","Mar 9, 2026",Drawings & Specs Available,"Jan 12, 2026",,False,New
Yes,Removal of Water Well Annex 26,https://app.constructconnect.com/project/7263764/c?sourceType=3,,,"$573,751","Long Beach, CA",GC Bidding,"Jan 28, 2026","Feb 27, 2026",Drawings & Specs Available,"Jan 11, 2026",,False,New
Yes,Annenberg Community Beach House (ACBH) Pool Tile Replacement Phase 2 Project,https://app.constructconnect.com/project/4971548/c?sourceType=3,,,"$330,000","Santa Monica, CA",GC Bidding,"Feb 20, 2026","Mar 23, 2026",Drawings & Specs Available,"Jan 11, 2026",,False,New
Yes,2026 Go Human Safety Strategies,https://app.constructconnect.com/project/7376436/c?sourceType=3,,,"$2,000,000","Los Angeles, CA",GC Bidding,"Jan 20, 2026","Mar 6, 2026",Requesting Plans,"Jan 11, 2026",,False,New
Yes,JOB ORDER CONTRACT-REQUEST FOR QUALIFICATION,https://app.constructconnect.com/project/7376433/c?sourceType=3,,,"$2,000,000","Northridge, CA",GC Bidding,"Feb 20, 2026","Apr 6, 2026",Requesting Plans,"Jan 11, 2026",,False,New
Yes,2026 Spring CDBG Maintenance Slurry Seal and Pavement Management Project,https://app.constructconnect.com/project/7376438/c?sourceType=3,,,"$750,000","Ontario, CA",GC Bidding,"Jan 29, 2026","Mar 15, 2026",Requesting Plans,"Jan 11, 2026",,False,New
Yes,Water Main Replacement on 7th St From Valley Blvd to Shorb St,https://app.constructconnect.com/project/7373596/c?sourceType=3,,,"$2,000,000","Alhambra, CA",GC Bidding,"Feb 5, 2026","Apr 6, 2026",Drawings & Specs Available,"Jan 11, 2026",,False,New
Yes,"FY 2025-26 Annual Minor Streets Rehabilitation Program, CDBG",https://app.constructconnect.com/project/7362030/c?sourceType=3,,,"$975,000","Simi Valley, CA",GC Bidding,"Jan 20, 2026","Mar 23, 2026",Drawings & Specs Available,"Jan 10, 2026",,False,New
Yes,Pedrorena Park and Vista Lomas Park Playground and Surfacing Replacements,https://app.constructconnect.com/project/7363618/c?sourceType=3,,,"$500,000","Moreno Valley, CA",GC Bidding,"Jan 20, 2026","Feb 19, 2026",Drawings & Specs Available,"Jan 10, 2026",,False,New
Yes,Senior Grant Program Construction Rehabilitation Services,https://app.constructconnect.com/project/7375187/c?sourceType=3,,,"$17,000","La Puente, CA",GC Bidding,"Jan 15, 2026","Feb 16, 2026",Specs Only,"Jan 10, 2026",,False,New
Yes,RFQ - Senior Grant Program Construction Rehabilitation Services,https://app.constructconnect.com/project/7352461/c?sourceType=3,,,"$50,000","Los Angeles, CA",GC Bidding,"Jan 16, 2026","Feb 16, 2026",Specs Only,"Jan 10, 2026",,False,New
Yes,Manual Image Review Services,https://app.constructconnect.com/project/7375639/c?sourceType=3,,,"$1,000,000","Irvine, CA",GC Bidding,"Feb 9, 2026","Mar 26, 2026",Requesting Plans,"Jan 10, 2026",,False,New
Yes,Police Department Restroom Remodel Project,https://app.constructconnect.com/project/7350608/c?sourceType=3,,,"$200,000","Colton, CA",GC Bidding,"Jan 22, 2026","Feb 23, 2026",Drawings & Specs Available,"Jan 10, 2026",,False,New
Yes,Install High Friction Surface Treatment at on-Ramp,https://app.constructconnect.com/project/6648431/c?sourceType=3,,,"$990,000","Garden Grove, CA",GC Bidding,"Jan 21, 2026","Feb 20, 2026",Drawings & Specs Available,"Jan 10, 2026",,False,New
Yes,Corona Del Mar High School Interior Renovations for Weight Rooms and Aquatics Room,https://app.constructconnect.com/project/7366177/c?sourceType=3,,,"$190,000","Newport Beach, CA",GC Bidding,"Feb 4, 2026","Jun 15, 2026",Drawings & Specs Available,"Jan 10, 2026",,False,New
Yes,Sidewalk Management Program,https://app.constructconnect.com/project/7353628/c?sourceType=3,,,"$500,000","Palos Verdes Estates, CA",GC Bidding,"Jan 31, 2026","Mar 2, 2026",Specs Only,"Jan 10, 2026",,False,New
Yes,"2025 Alley Rehabilitation Project (Alley Nos. 19B, 20, 21, 26, 27, 45, 53, 57, 84, 98 & 115)",https://app.constructconnect.com/project/7358415/c?sourceType=3,,,"$1,786,592","Costa Mesa, CA",GC Bidding,"Jan 27, 2026","Mar 30, 2026",Drawings & Specs Available,"Jan 9, 2026",,False,New
Yes,Expansion and Remodel Project at Fire Station No. 2,https://app.constructconnect.com/project/7373200/c?sourceType=3,,,"$300,000","Beverly Hills, CA",GC Bidding,"Feb 11, 2026","Mar 9, 2026",Drawings & Specs Available,"Jan 9, 2026",,False,New
Yes,RFP - Power Plant Needs Assessment Services,https://app.constructconnect.com/project/7373829/c?sourceType=3,,,"$500,000","Pasadena, CA",GC Bidding,"Feb 12, 2026","Mar 29, 2026",Requesting Plans,"Jan 9, 2026",,False,New
Yes,Capital Improvement Planning and Connection Fees Study,https://app.constructconnect.com/project/7373959/c?sourceType=3,,,"$200,000","Irvine, CA",GC Bidding,"Feb 27, 2026","Apr 13, 2026",Requesting Plans,"Jan 9, 2026",,False,New
Yes,Citywide Pedestrian Bridge Inspection Services,https://app.constructconnect.com/project/7373973/c?sourceType=3,,,"$200,000","Newport Beach, CA",GC Bidding,"Feb 26, 2026","Apr 12, 2026",Requesting Plans,"Jan 9, 2026",,False,New
Yes,Chino Driveway Approach and ADA Improvements - Chino Campus,https://app.constructconnect.com/project/7352349/c?sourceType=3,,,"$187,000","Chino, CA",GC Bidding,"Jan 21, 2026","Feb 20, 2026",Drawings & Specs Available,"Jan 9, 2026",,False,New
Yes,North Hollywood Central Chlorination Station Replacement,https://app.constructconnect.com/project/7352677/c?sourceType=3,,,"$588,000","Los Angeles, CA",GC Bidding,"Jan 29, 2026","Mar 2, 2026",Specs Only,"Jan 9, 2026",,False,New
Yes,Riverside Fire Station Number 11 Kitchen Remodel,https://app.constructconnect.com/project/7346916/c?sourceType=3,,,,"Riverside, CA",GC Bidding,"Jan 22, 2026","Mar 8, 2026",Requesting Plans,"Jan 9, 2026",,False,New
Yes,CDBG Concrete ADA Improvements 2026,https://app.constructconnect.com/project/7351077/c?sourceType=3,,,"$400,000","Norwalk, CA",GC Bidding,"Jan 15, 2026","Feb 9, 2026",Drawings & Specs Available,"Jan 9, 2026",,False,New
Yes,"Clean, Inspect, Prepare, and Line Culverts",https://app.constructconnect.com/project/7368978/c?sourceType=3,,,"$650,000","Brea, CA",GC Bidding,"Feb 3, 2026","Mar 5, 2026",Requesting Plans,"Jan 8, 2026",,False,New
Yes,Commercial Street Improvement for Dinard-Maryton-Marquardt-Park & Pike,https://app.constructconnect.com/project/7318897/c?sourceType=3,,,"$800,000","Santa Fe Springs, CA",GC Bidding,"Jan 15, 2026","Feb 16, 2026",Drawings & Specs Available,"Jan 8, 2026",,False,New
Yes,Indigenous Interpretive Space - Phase I,https://app.constructconnect.com/project/7358625/c?sourceType=3,,,"$1,450,000","Irvine, CA",GC Bidding,"Jan 22, 2026","Mar 23, 2026",Drawings & Specs Available,"Jan 8, 2026",,False,New
Yes,Water Service Line Replacement Project Brownstone Lane Condo Community,https://app.constructconnect.com/project/7371181/c?sourceType=3,,,"$800,000","Westminster, CA",GC Bidding,"Jan 22, 2026","Feb 23, 2026",Drawings & Specs Available,"Jan 8, 2026",,False,New
Yes,"Restroom Remodel and Repair, Orange County",https://app.constructconnect.com/project/7363415/c?sourceType=3,,,"$461,000","Irvine, CA",GC Bidding,"Jan 20, 2026","Feb 2, 2026",Drawings & Specs Available,"Jan 8, 2026",,False,New
Yes,Local Street Improvements,https://app.constructconnect.com/project/7369497/c?sourceType=3,,,"$1,000,000","Long Beach, CA",GC Bidding,"Feb 4, 2026","Apr 6, 2026",Specs Only,"Jan 8, 2026",,False,New
Yes,City-Wide Elevator Maintenance and Repair Services,https://app.constructconnect.com/project/7356895/c?sourceType=3,,,"$500,000","Torrance, CA",GC Bidding,"Jan 22, 2026","Mar 8, 2026",Requesting Plans,"Jan 8, 2026",,False,New
Yes,Ground Water Production Well SM-14 Drilling,https://app.constructconnect.com/project/7339226/c?sourceType=3,,,"$1,900,000","Santa Monica, CA",GC Bidding,"Jan 19, 2026","Mar 20, 2026",Specs Only,"Jan 8, 2026",,False,New
Yes,Kella Avenue and Rooks Road Storm Drain and Pavement Rehabilitation,https://app.constructconnect.com/project/6563544/c?sourceType=3,,,"$1,148,000","City of Industry, CA",GC Bidding,"Jan 15, 2026","Mar 16, 2026",Drawings & Specs Available,"Jan 8, 2026",,False,New
Yes,Well 232 Drilling and Testing,https://app.constructconnect.com/project/7331281/c?sourceType=3,,,"$1,800,000","Perris, CA",GC Bidding,"Feb 12, 2026","Apr 13, 2026",Drawings & Specs Available,"Jan 8, 2026",,False,New
Yes,Construction of Pedestrian Hybrid Beacon at Grove Avenue and Saint Andrews Street,https://app.constructconnect.com/project/7361649/c?sourceType=3,,,"$475,000","Ontario, CA",GC Bidding,"Jan 15, 2026","Feb 16, 2026",Drawings & Specs Available,"Jan 8, 2026",,False,New
Yes,Pickleball Courts at Boisseranc Park - City of Buena Park,https://app.constructconnect.com/project/7210174/c?sourceType=3,,,"$700,000","Buena Park, CA",GC Bidding,"Jan 15, 2026","Feb 16, 2026",Specs Only,"Jan 7, 2026",,False,New
Yes,Convention Center Promenade and Rainbow Lagoon Curb Repairs,https://app.constructconnect.com/project/7366521/c?sourceType=3,,,"$500,000","Long Beach, CA",GC Bidding,"Feb 10, 2026","Mar 12, 2026",Drawings & Specs Available,"Jan 7, 2026",,False,New
Yes,Fernangeles Park Stormwater Capture Project,https://app.constructconnect.com/project/7358535/c?sourceType=3,,,"$200,000","Los Angeles, CA",GC Bidding,"Jan 14, 2026","Feb 13, 2026",Drawings & Specs Available,"Jan 7, 2026",,False,New
Yes,"SANITARY SEWER SYSTEM MAINTENANCE, CCTV INSPECTION, AND EMERGENCY RESPONSE SERVICES",https://app.constructconnect.com/project/7370841/c?sourceType=3,,,"$1,000,000","Huntington Park, CA",GC Bidding,"Jan 23, 2026","Mar 8, 2026",Requesting Plans,"Jan 7, 2026",,False,New
Yes,Valley View Avenue @ Alondra Boulevard Intersection Improvement,https://app.constructconnect.com/project/7369305/c?sourceType=3,,,"$2,000,000","Santa Fe Springs, CA",GC Bidding,"Jan 22, 2026","Mar 8, 2026",Requesting Plans,"Jan 7, 2026",,False,New
Yes,RFP - Biological Monitoring Services,https://app.constructconnect.com/project/7370560/c?sourceType=3,,,"$200,000","Chino Hills, CA",GC Bidding,"Jan 15, 2026","Mar 1, 2026",Requesting Plans,"Jan 6, 2026",,False,New
Yes,15mva Base Power Transfomer,https://app.constructconnect.com/project/7368987/c?sourceType=3,,,"$1,000,000","Glendale, CA",GC Bidding,"Feb 16, 2026","Apr 2, 2026",Requesting Plans,"Jan 5, 2026",,False,New
Yes,Pier Avenue Multi-Modal Betterments,https://app.constructconnect.com/project/7367713/c?sourceType=3,,,"$862,144","Hermosa Beach, CA",GC Bidding,"Jan 26, 2026","Feb 25, 2026",Drawings & Specs Available,"Jan 5, 2026",,False,New
Yes,CSA 70 J Recoating Of Tanks & Pump Stations Project,https://app.constructconnect.com/project/7366830/c?sourceType=3,,,"$600,000","Hesperia, CA",GC Bidding,"Jan 28, 2026","Feb 27, 2026",Specs Only,"Jan 3, 2026",,False,New
Yes,Lincoln High School Portable Relocation,https://app.constructconnect.com/project/7352835/c?sourceType=3,,,"$1,000,000","Riverside, CA",GC Bidding,"Feb 5, 2026","Apr 6, 2026",Drawings & Specs Available,"Jan 1, 2026",,False,New
Yes,Old Waterman Canyon Road and Other Roads,https://app.constructconnect.com/project/7355950/c?sourceType=3,,,"$500,000","San Bernardino, CA",GC Bidding,"Jan 22, 2026","Feb 23, 2026",Drawings & Specs Available,"Jan 1, 2026",,False,New
Yes,Cut-Off Wall Installation,https://app.constructconnect.com/project/7355580/c?sourceType=3,,,"$2,000,000","San Bernardino, CA",GC Bidding,"Jan 22, 2026","Mar 23, 2026",Drawings & Specs Available,"Jan 1, 2026",,False,New
Yes,Veterans Memorial Park and Faraday Avenue Improvements Projects,https://app.constructconnect.com/project/7331359/c?sourceType=3,,,"$400,000","Covina, CA",GC Bidding,"Jan 20, 2026","Feb 5, 2026",Drawings & Specs Available,"Jan 1, 2026",,False,New
Yes,City Of Chino Hills Heli-Hydrant,https://app.constructconnect.com/project/7348705/c?sourceType=3,,,"$422,000","Chino Hills, CA",GC Bidding,"Jan 22, 2026","Feb 23, 2026",Drawings & Specs Available,"Jan 1, 2026",,False,New
Yes,134.1 MVA Spare Power Transformer For Capon & Olive Switching Stations,https://app.constructconnect.com/project/7366895/c?sourceType=3,,,"$2,000,000","Burbank, CA",GC Bidding,"Feb 26, 2026","Apr 12, 2026",Requesting Plans,"Dec 31, 2025",,False,New
Yes,Cold Plane AC Pavement and Place HMA-OGFC,https://app.constructconnect.com/project/7364961/c?sourceType=3,,,"$680,000","Irvine, CA",GC Bidding,"Jan 27, 2026","Feb 26, 2026",Specs Only,"Dec 30, 2025",,False,New
Yes,CSA 70 GH - Lytle Creek North Rotor Assembly & Scum Skimmer,https://app.constructconnect.com/project/7365305/c?sourceType=3,,,"$400,000","San Bernardino, CA",GC Bidding,"Jan 29, 2026","Mar 2, 2026",Specs Only,"Dec 30, 2025",,False,New
Yes,New Emergency Operations Center at Burbank City Hall,https://app.constructconnect.com/project/7364019/c?sourceType=3,,,"$650,000","Burbank, CA",GC Bidding,"Feb 3, 2026","Mar 5, 2026",Drawings & Specs Available,"Dec 30, 2025",,False,New
Yes,RFQ - El Sobrante Reservoir Cleaning Services,https://app.constructconnect.com/project/7363954/c?sourceType=3,,,"$300,000","Riverside, CA",GC Bidding,"Jan 26, 2026","Mar 12, 2026",Requesting Plans,"Dec 26, 2025",,False,New
Yes,RFP - Fire Apparatus Maintenance and Repair Services,https://app.constructconnect.com/project/7361770/c?sourceType=3,,,"$200,000","San Marino, CA",GC Bidding,"Jan 23, 2026","Mar 9, 2026",Requesting Plans,"Dec 23, 2025",,False,New
Yes,Construction of Bus Stop Sidewalk at Various Locations,https://app.constructconnect.com/project/7360675/c?sourceType=3,,,"$100,000","Loma Linda, CA",GC Bidding,"Feb 3, 2026","Mar 5, 2026",Specs Only,"Dec 23, 2025",,False,New
Yes,SB 1383 Organics/Recycling Consultant Services,https://app.constructconnect.com/project/7360560/c?sourceType=3,,,"$100,000","Culver City, CA",GC Bidding,"Jan 29, 2026","Mar 15, 2026",Requesting Plans,"Dec 23, 2025",,False,New
Yes,Janitorial Services for Headquarters Building- Walnut Valley Water District,https://app.constructconnect.com/project/7360535/c?sourceType=3,,,"$100,000","City Industry, CA",GC Bidding,"Jan 17, 2026","Mar 2, 2026",Requesting Plans,"Dec 23, 2025",,False,New
Yes,Consultant Services for Office Ambiance and Branding,https://app.constructconnect.com/project/7359184/c?sourceType=3,,,"$100,000","Downey, CA",GC Bidding,"Jan 22, 2026","Jul 1, 2026",Specs Only,"Dec 22, 2025",,False,New
Yes,RFP Contractor - On-Call Emergency Sewer System Reconstruction and Point Repairs,https://app.constructconnect.com/project/7357734/c?sourceType=3,,,"$150,000","Pasadena, CA",GC Bidding,"Jan 15, 2026","Mar 1, 2026",Requesting Plans,"Dec 22, 2025",,False,New
Yes,RFP - Erate Cat 2 Category 2 Services,https://app.constructconnect.com/project/7359988/c?sourceType=3,,,"$500,000","El Monte, CA",GC Bidding,"Jan 30, 2026","Mar 16, 2026",Requesting Plans,"Dec 22, 2025",,False,New
Yes,RFP Construction Manager - Request For Qualifications/Request For Proposals On-Call Construction/Project Management and Inspection Services,https://app.constructconnect.com/project/7358534/c?sourceType=3,,,"$1,000,000","San Marino, CA",GC Bidding,"Jan 22, 2026","Mar 8, 2026",Requesting Plans,"Dec 22, 2025",,False,New
Yes,RCTC - ON-CALL TRANSPORTATION DEMAND MANAGEMENT (TDM) SERVICES,https://app.constructconnect.com/project/7358687/c?sourceType=3,,,"$1,000,000","Riverside, CA",GC Bidding,"Jan 29, 2026","Mar 15, 2026",Requesting Plans,"Dec 20, 2025",,False,New
Yes,RCTC - INLAND EMPIRE NEXT GENERTION STRATEGIC TRANSPORTATION DEMAND MANAGEMENT (TDM) PLAN SERVICES,https://app.constructconnect.com/project/7358693/c?sourceType=3,,,"$300,000","Riverside, CA",GC Bidding,"Jan 29, 2026","Mar 15, 2026",Requesting Plans,"Dec 20, 2025",,False,New
Yes,SB 1383 Organics/Recycling Consultant Services,https://app.constructconnect.com/project/7358621/c?sourceType=3,,,"$200,000","Culver City, CA",GC Bidding,"Jan 29, 2026","Mar 15, 2026",Requesting Plans,"Dec 20, 2025",,False,New
Yes,On-Call Grant Management and Funding Assistance,https://app.constructconnect.com/project/7358609/c?sourceType=3,,,"$1,000,000","Long Beach, CA",GC Bidding,"Feb 3, 2026","Mar 20, 2026",Requesting Plans,"Dec 20, 2025",,False,New
Yes,Foothill Transit and Public Access CNG Fueling Stations,https://app.constructconnect.com/project/7358624/c?sourceType=3,,,"$1,000,000","West Covina, CA",GC Bidding,"Feb 20, 2026","Apr 6, 2026",Requesting Plans,"Dec 20, 2025",,False,New
Yes,Citywide Pavement Rehabilitation Project,https://app.constructconnect.com/project/7358686/c?sourceType=3,,,,"Fontana, CA",GC Bidding,"Jan 22, 2026","Mar 8, 2026",Requesting Plans,"Dec 20, 2025",,False,New
Yes,RFP - Request For Proposals For On-Call Consultant Services On An As Needed Basis For NPDES And Sewer WDR Compliance Support,https://app.constructconnect.com/project/7358141/c?sourceType=3,,,"$500,000","Anaheim, CA",GC Bidding,"Feb 5, 2026","Mar 22, 2026",Requesting Plans,"Dec 20, 2025",,False,New
Yes,Tile Recladding (BV)  (PSA) (Rebid) - Foshay Learning Center,https://app.constructconnect.com/project/7166968/c?sourceType=3,,,"$1,662,000","Los Angeles, CA",GC Bidding,"Feb 11, 2026","Mar 2, 2026",Specs Only,"Dec 19, 2025",,False,New
Yes,RFP Construction Manager - On-Call Construction Management Services,https://app.constructconnect.com/project/7354173/c?sourceType=3,,,"$1,500,000","Whittier, CA",GC Bidding,"Jan 16, 2026","Mar 2, 2026",Requesting Plans,"Dec 19, 2025",,False,New
Yes,RFP - Wide Area Network Service,https://app.constructconnect.com/project/7357901/c?sourceType=3,,,"$300,000","Riverside, CA",GC Bidding,"Jan 20, 2026","Mar 6, 2026",Requesting Plans,"Dec 19, 2025",,False,New
Yes,"RFP - Alliance Agreement For Pipe, Pipe Fittings And Misc Water Fittings",https://app.constructconnect.com/project/7358203/c?sourceType=3,,,"$1,000,000","Burbank, CA",GC Bidding,"Jan 21, 2026","Mar 7, 2026",Requesting Plans,"Dec 19, 2025",,False,New
Yes,Camp Commerce Deck Replacement,https://app.constructconnect.com/project/7349461/c?sourceType=3,,,"$100,000","Lake Arrowhead, CA",GC Bidding,"Feb 6, 2026","Mar 2, 2026",Specs Only,"Dec 19, 2025",,False,New
Yes,Bid for the Construction of a Temporary Parking Lot at the Torrance Regional Transit Center,https://app.constructconnect.com/project/7352333/c?sourceType=3,,,"$250,000","Torrance, CA",GC Bidding,"Feb 13, 2026","Mar 30, 2026",Requesting Plans,"Dec 19, 2025",,False,New
Yes,Lytle Creek Gatehouse Tainter Gate Controls Power System Repair,https://app.constructconnect.com/project/7341165/c?sourceType=3,,,"$200,000","San Bernardino, CA",GC Bidding,"Jan 15, 2026","Feb 16, 2026",Drawings & Specs Available,"Dec 18, 2025",,False,New
Yes,RFP - Construction & Demolition Facility Operation Services,https://app.constructconnect.com/project/7355739/c?sourceType=3,,,"$1,000,000","Laguna Niguel, CA",GC Bidding,"Jan 27, 2026","Mar 13, 2026",Requesting Plans,"Dec 18, 2025",,False,New
Yes,Wide Area Network Services For E-Rate Funding Year 24,https://app.constructconnect.com/project/7350014/c?sourceType=3,,,"$300,000","Victorville, CA",GC Bidding,"Jan 14, 2026","Jul 1, 2026",Specs Only,"Dec 17, 2025",,False,New
Yes,Community Based Social Marketing (Zero Waste),https://app.constructconnect.com/project/7352320/c?sourceType=3,,,"$500,000","Beverly Hills, CA",GC Bidding,"Jan 17, 2026","Mar 2, 2026",Requesting Plans,"Dec 16, 2025",,False,New
Yes,RFP - Glen Helen Regional Park Concession OpportunityAerial Adventure Park,https://app.constructconnect.com/project/7321556/c?sourceType=3,,,"$1,000,000","San Bernardino, CA",GC Bidding,"Feb 7, 2026","Apr 7, 2026",Specs Only,"Dec 12, 2025",,False,New
Yes,Mcadam Park Project,https://app.constructconnect.com/project/7178237/c?sourceType=3,,,"$213,240","Palmdale, CA",GC Bidding,"Jan 26, 2026","Mar 31, 2026",Drawings & Specs Available,"Dec 2, 2025",,False,New
Yes,Long Beach Water Reclamation Plant - Aeration System Improvements,https://app.constructconnect.com/project/7285248/c?sourceType=3,,,"$2,000,000","Long Beach, CA",GC Bidding,"Jan 27, 2026","Apr 23, 2026",Drawings & Specs Available,"Oct 20, 2025",,False,New
Yes,"Evaporative Coolers Replacement in Sylmar, Los Angeles County",https://www.bidocean.com/subscriber-portal/view-opportunity/53869247869672da44965e6.12816749,California Department of Transportation,,,"Sacramento, Los Angeles, CA",,"Jan 29, 2026","Jan 21, 2026",,"Jan 13, 2026",,False,New
Yes,Smith Park Community & Aquatic Center (RFP),https://www.bidocean.com/subscriber-portal/view-opportunity/42369679691de891e89166.35464999,"Pico Rivera, City of",,,"Pico Rivera, Los Angeles, CA",,"Jan 15, 2026","Dec 15, 2025",,"Jan 13, 2026",,False,New
Yes,Powell Library Room 30 Compact Shelving Renovation,https://www.bidocean.com/subscriber-portal/view-opportunity/87361017968ef7448e8ca58.67536324,"University of California, Los Angeles (UCLA), Contracts Administration",,,"Los Angeles, Los Angeles, CA",,"Feb 17, 2026","Jan 20, 2026",,"Jan 13, 2026",,False,New
Yes,Pacific Concourse Drive Tenant Improvements,https://www.bidocean.com/subscriber-portal/view-opportunity/8531040369302466e4b910.29797248,"University of California, Los Angeles (UCLA), Contracts Administration",,,"Los Angeles, Los Angeles, CA",,"Jan 15, 2026","Dec 04, 2025",,"Jan 13, 2026",,False,New
Yes,UCLA MP200 Emergency Power Equipment Replacement *RE-BID*,https://www.bidocean.com/subscriber-portal/view-opportunity/73021719168f36f18bcd1c2.32787055,"University of California, Los Angeles (UCLA), Contracts Administration",,,"Los Angeles, Los Angeles, CA",,"Jan 13, 2026","Oct 20, 2025",,"Jan 13, 2026",,False,New
Yes,"SCLA - Center for Training, Employment & Entrepreneurship Tenant Improvement",https://www.bidocean.com/subscriber-portal/view-opportunity/33434191969405b61335e26.99136471,"The Shakespeare Center of Los Angeles, Inc",,,"Los Angeles, Los Angeles, CA",,"Feb 02, 2026","Dec 19, 2025",,"Jan 12, 2026",,False,New
Yes,Levy Adult Education Center Roof Replacement,https://www.bidocean.com/subscriber-portal/view-opportunity/11827343476965ca64c41af6.91227713,Torrance Unified School District - Purchasing Dept.,,,"Torrance, Los Angeles, CA",,"Feb 10, 2026","Jan 21, 2026",,"Jan 12, 2026",,False,New
Yes,HVAC / Boiler Replacement - Azusa Readiness Center,https://www.bidocean.com/subscriber-portal/view-opportunity/13667062690c5086d4a8e6.51069494,"State of California, Office of the Adjutant General - State Military Department",,,"Rancho Cordova, Los Angeles, CA",,"Jan 26, 2026","Nov 12, 2025",,"Jan 12, 2026",,False,New
Yes,HVAC Maintenance Services (Union Station West Portal),https://www.bidocean.com/subscriber-portal/view-opportunity/17172734776958fa1f7b7030.72352882,Los Angeles County Metropolitan Transportation Authority (Metro),,,"Los Angeles, Los Angeles, CA",,"Feb 10, 2026","Jan 07, 2026",,"Jan 12, 2026",,False,New
Yes,Residential Concrete Improvement 2025-2026,https://www.bidocean.com/subscriber-portal/view-opportunity/166512938969152d186c6144.72816787,"Santa Fe Springs, City of",,,"Santa Fe Springs, Los Angeles, CA",,"Jan 15, 2026",,,"Jan 09, 2026",,False,New
Yes,Senior Grant Program Construction Rehabilitation Services (SG22-286) (RFQ),https://www.bidocean.com/subscriber-portal/view-opportunity/8695709476961c1687b6a81.60892414,Los Angeles County Development Authority (LACDA),,,"Alhambra, Los Angeles, CA",,"Jan 19, 2026",,,"Jan 09, 2026",,False,New
Yes,Senior Grant Program Construction Rehabilitation Services (SG22-289) (RFQ),https://www.bidocean.com/subscriber-portal/view-opportunity/5218495426961c060583a66.74068718,Los Angeles County Development Authority (LACDA),,,"Alhambra, Los Angeles, CA",,"Jan 15, 2026","Jan 12, 2026",,"Jan 09, 2026",,False,New
Yes,Senior Grant Program Construction Rehabilitation Services (SG22-282) (RFQ),https://www.bidocean.com/subscriber-portal/view-opportunity/6851265766961bf5a706ec5.61185104,Los Angeles County Development Authority (LACDA),,,"Alhambra, Los Angeles, CA",,"Jan 16, 2026","Jan 13, 2026",,"Jan 09, 2026",,False,New
Yes,Residential Sound Insulation Program Group 10 (Construction),https://www.bidocean.com/subscriber-portal/view-opportunity/1273151651694b49eddfec48.41708333,Los Angeles World Airports (LAWA),,,"Los Angeles, Los Angeles, CA",,"Jan 13, 2026","Dec 23, 2025",,"Jan 09, 2026",,False,New
Yes,"Repair, Service and Replacement of Variable Frequency Drives",https://www.bidocean.com/subscriber-portal/view-opportunity/9267036596961ad9d39dd09.87324114,Los Angeles World Airports (LAWA),,,"Los Angeles, Los Angeles, CA",,"Feb 11, 2026","Jan 21, 2026",,"Jan 09, 2026",,False,New
Yes,HVAC at Rivera Park and Pico Park Gymnasiums,https://www.bidocean.com/subscriber-portal/view-opportunity/13598855026927d4da7e9879.47996724,"Pico Rivera, City of",,,"Pico Rivera, Los Angeles, CA",,"Jan 08, 2026",,,"Jan 09, 2026",,False,New
Yes,Districtwide Reroofing Project,https://www.bidocean.com/subscriber-portal/view-opportunity/695152290694256c0bb8585.99278085,Norwalk-La Mirada Unified School District,,,"Norwalk, Los Angeles, CA",,"Jan 28, 2026","Dec 29, 2025",,"Jan 08, 2026",,False,New
Yes,Grandview Library Roofing and Solar Project (RFP),https://www.bidocean.com/subscriber-portal/view-opportunity/93207601168bfd7a9725013.48034990,Glendale Public Works Dept.,,,"Glendale, Los Angeles, CA",,"Oct 01, 2025","Sep 18, 2025",,"Jan 08, 2026",,False,New
Yes,Roof Replacement At City Maintenance Facility *Re-bid*,https://www.bidocean.com/subscriber-portal/view-opportunity/9798543576954dd793da734.79390149,"West Hollywood, City of",,,"West Hollywood, Los Angeles, CA",,"Jan 16, 2026",,,"Dec 31, 2025",,False,New
Yes,Public Health Building Restrooms - ADA Improvements (71925),https://www.bidocean.com/subscriber-portal/view-opportunity/415693221694e1d5c125f74.32568253,"Pasadena, City of",,,"Pasadena, Los Angeles, CA",,"Jan 29, 2026","Jan 08, 2026",,"Dec 30, 2025",,False,New
Yes,Voluntary Barrier Removal (BV) (PSA) (Request for Qualiﬁcations),https://www.bidocean.com/subscriber-portal/view-opportunity/287264948695331c236f033.78171556,Los Angeles Unified School District,,,"Los Angeles, Los Angeles, CA",,"Jan 30, 2026","Jan 12, 2026",,"Dec 29, 2025",,False,New
Yes,UCLA Tiverton House Roof Replacement,https://www.bidocean.com/subscriber-portal/view-opportunity/16098771016951ed068bd764.16962796,"University of California, Los Angeles (UCLA), Contracts Administration",,,"Los Angeles, Los Angeles, CA",,"Jan 27, 2026","Jan 06, 2026",,"Dec 28, 2025",,False,New
Yes,Progressive Design-Build (D-B) Teams Center for Excellence (Request for Qualification) (DESIGN-BUILD),https://www.bidocean.com/subscriber-portal/view-opportunity/1219213954694ad9a18c4c86.60568857,Citrus Community College District,,,"Glendora, Los Angeles, CA",,"Feb 10, 2026","Jan 08, 2026",,"Dec 23, 2025",,False,New
Yes,Job Order Contract (Request for Qualification),https://www.bidocean.com/subscriber-portal/view-opportunity/1012692414693bc74b69d809.46883989,California State University - Northridge,,,"Northridge, Los Angeles, CA",,"Feb 20, 2026","Jan 12, 2026",,"Dec 12, 2025",,False,New
Yes,Job Order Contract (JOC) (RFI),https://www.bidocean.com/subscriber-portal/view-opportunity/1484124030693adad884cf65.24276458,California State University - Northridge,,,"Northridge, Los Angeles, CA",,"Feb 20, 2026","Jan 12, 2026",,"Dec 11, 2025",,False,New
Yes,"Y1DB--Design Build Construction for Animal Research Facility To Replace Bldgs. 47 and 103, Sepulveda Va Medical Center",https://www.bidocean.com/subscriber-portal/view-opportunity/112873240969056a238b5fb8.00689527,Department of Veterans Affairs;Office of Construction and Facilities Management,,,"Washington, Los Angeles, CA",,"Nov 17, 2025",,,"Nov 06, 2025",,False,New
Yes,Sewer Lateral Beach Restrooms (RFP),https://www.bidocean.com/subscriber-portal/view-opportunity/261207935689af528a91002.91890370,"Santa Monica, City of",,,"Santa Monica, Los Angeles, CA",,"Sep 26, 2025","Sep 16, 2025",,"Oct 06, 2025",,False,New
Yes,Fire Protection Services (RFP),https://www.bidocean.com/subscriber-portal/view-opportunity/95699410768aef0127b4920.73495370,Los Angeles County Public Works,,,"Alhambra, Los Angeles, CA",,"Sep 23, 2025","Sep 09, 2025",,"Sep 16, 2025",,False,New
Yes,Sewer Lift Station 101 Backup Generator,https://www.bidocean.com/subscriber-portal/view-opportunity/56683126268b023c127c433.86135418,"Long Beach Harbor Dept. (Port of Long Beach, POLB)",,,"Long Beach, Los Angeles, CA",,"Oct 14, 2025","Sep 17, 2025",,"Aug 28, 2025",,False,New
Yes,Village VL-107 Reconfiguration at Santa Ana College,https://www.bidocean.com/subscriber-portal/view-opportunity/1068758160695287cee59813.26472679,Rancho Santiago Community College District,,,"Santa Ana, Orange, CA",,"Jan 21, 2026",,,"Jan 13, 2026",,False,New
Yes,"Gorjana - Walnut Creek, CA",https://www.bidocean.com/subscriber-portal/view-opportunity/2363404006964ecd6009992.77242087,Gorjana,,,"Laguna Beach, Contra Costa, CA",,"Feb 04, 2026",,,"Jan 12, 2026",,False,New
Yes,Refrigeration System Maintenance and Repairs,https://www.bidocean.com/subscriber-portal/view-opportunity/16862578646964bad3e43513.56285823,Orange County Procurement Office,,,"Santa Ana, Orange, CA",,"Feb 09, 2026",,,"Jan 12, 2026",,False,New
Yes,"Roofing Insulation Replacement, Orange County",https://www.bidocean.com/subscriber-portal/view-opportunity/46878760069609e7e245601.57048988,California Dept. of Transportation - Caltrans,,,"Sacramento, Orange, CA",,"Jan 27, 2026",,,"Jan 09, 2026",,False,New
Yes,"Bid #1484 Fire Protection Repairs at Santa Ana College, Santiago Canyon College, Criminal Justice Academies, and District Operations Center",https://www.bidocean.com/subscriber-portal/view-opportunity/42997714269297842714348.15131129,Rancho Santiago Community College District,,,"Santa Ana, Orange, CA",,"Jan 07, 2026","Dec 03, 2025",,"Jan 08, 2026",,False,New
Yes,Bathroom Remodel at OCFA Fire Station 45,https://www.bidocean.com/subscriber-portal/view-opportunity/357720666692ceed4df2479.56212048,Orange County Fire Authority (OCFA),,,"Irvine, Orange, CA",,"Jan 21, 2026","Dec 10, 2025",,"Jan 08, 2026",,False,New
Yes,MPR Renovations at Multiple Sites,https://www.bidocean.com/subscriber-portal/view-opportunity/17995358066944ea626a1b09.31035817,"Orange Unified School District, Contracts & Procurement",,,"Orange, Orange, CA",,"Jan 29, 2026","Jan 02, 2026",,"Jan 07, 2026",,False,New
Yes,Audio & Lighting At Orange High School Little Theater,https://www.bidocean.com/subscriber-portal/view-opportunity/12640732596946490c55eb35.54943684,"Orange Unified School District, Contracts & Procurement",,,"Orange, Orange, CA",,"Jan 12, 2026",,,"Jan 07, 2026",,False,New
Yes,District Wide Fall Protection Project - Phase 1,https://www.bidocean.com/subscriber-portal/view-opportunity/142644137469546d8deec087.74164605,Newport-Mesa Unified School District,,,"Costa Mesa, Orange, CA",,"Jan 21, 2026","Jan 07, 2026",,"Dec 30, 2025",,False,New
Yes,Newport Beach Fire Station 1 and Balboa Branch Library Project,https://www.bidocean.com/subscriber-portal/view-opportunity/57273285069520712773156.36421254,"Newport Beach, City of",,,"Newport Beach, Orange, CA",,"Jan 29, 2026","Jan 07, 2026",,"Dec 28, 2025",,False,New
Yes,Kitchen Remodel at OCFA Fire Station 32,https://www.bidocean.com/subscriber-portal/view-opportunity/679436172694ff4bf176259.59251116,Orange County Fire Authority (OCFA),,,"Irvine, Orange, CA",,"Jan 21, 2026","Jan 07, 2026",,"Dec 27, 2025",,False,New
Yes,Saddleback College Science Building AV Refresh Project,https://www.bidocean.com/subscriber-portal/view-opportunity/1416578331694a4e5aca4d00.08430764,South Orange County Community College District,,,"Mission Viejo, Orange, CA",,"Jan 29, 2026","Jan 07, 2026",,"Dec 23, 2025",,False,New
Yes,PCH PRV Replacement Project,https://www.bidocean.com/subscriber-portal/view-opportunity/139681818068dab98543e047.26235246,South Coast Water District (SCWD),,,"Laguna Beach, Orange, CA",,"Oct 09, 2025",,,"Oct 21, 2025",,False,New
Yes,Design/build/operate Entitities for the City of Coachella Community Resilience Center (Request for Pre Qualification),https://www.bidocean.com/subscriber-portal/view-opportunity/13207877836965f025d6a130.00670815,"Coachella, City of",,,"Coachella, Riverside, CA",,"Feb 26, 2026",,,"Jan 13, 2026",,False,New
Yes,Design Build Renovation of City Hall Lobby - (RFP),https://www.bidocean.com/subscriber-portal/view-opportunity/20243776086932b17c18ec07.68910716,"Riverside, City of",,,"Riverside, Riverside, CA",,"Jan 21, 2026","Dec 17, 2025",,"Jan 12, 2026",,False,New
Yes,Nutrition Center Hvac Replacement,https://www.bidocean.com/subscriber-portal/view-opportunity/12895777086964add7eb6f90.25707463,Hemet Unified School District,,,"Hemet, Riverside, CA",,"Jan 27, 2026",,,"Jan 12, 2026",,False,New
Yes,City Hall Window Safety Measures - UL 752 (Ballistic Resistant Level 1),https://www.bidocean.com/subscriber-portal/view-opportunity/1471842044694a3216099c05.91393711,"Palm Desert, City of",,,"Palm Desert, Riverside, CA",,"Jan 21, 2026","Jan 05, 2026",,"Jan 10, 2026",,False,New
Yes,CA Citrus SHP - Bannister House Repaint Project,https://www.bidocean.com/subscriber-portal/view-opportunity/330626353696198d17fbd95.25228580,Department of Parks and Recreation Inland Empire District,,,"Perris, Riverside, CA",,"Feb 13, 2026","Jan 27, 2026",,"Jan 09, 2026",,False,New
Yes,Steelcase Furniture and Installation,https://www.bidocean.com/subscriber-portal/view-opportunity/884647368695c7b6a97bbf9.05889124,"Dept. of the Navy, Naval Sea Systems Command,  NSWC Corona Division",,,"Norco, Riverside, CA",,"Jan 30, 2026","Jan 20, 2026",,"Jan 07, 2026",,False,New
Yes,Headquarters Tile Roof Replacement Operations and Warehouse Buildings,https://www.bidocean.com/subscriber-portal/view-opportunity/15505496186958a157979414.45123371,Rancho California Water District (RCWD),,,"Temecula, Riverside, CA",,"Jan 21, 2026","Jan 07, 2026",,"Jan 02, 2026",,False,New
Yes,MOT Modernization Design-Build Services (Request for Qualification),https://www.bidocean.com/subscriber-portal/view-opportunity/1751171873694ff845d159d1.35623599,Jurupa Unified School District,,,"Jurupa Valley, Riverside, CA",,"Jan 15, 2026",,,"Dec 27, 2025",,False,New
Yes,Citywide Parks ADA Improvements - Year 4 at 7 Parks,https://www.bidocean.com/subscriber-portal/view-opportunity/160301160768ae0b682549e7.62474907,"Corona, City of",,,"Corona, Riverside, CA",,"Sep 30, 2025",,,"Oct 07, 2025",,False,New
Yes,"Roof Repair and Coating Services in Riverside, and San Bernardino Counties",https://www.bidocean.com/subscriber-portal/view-opportunity/1171645160694b889634fe84.66751063,California Dept. of Transportation - Caltrans,,,"Sacramento, San Bernardino, CA",,"Jan 12, 2026",,,"Jan 10, 2026",,False,New
Yes,08A3944 - *Certified SB/MB or DVBE Only* Painting Services in San Bernardino County,https://www.bidocean.com/subscriber-portal/view-opportunity/95192466569619610b75480.39144317,California Dept. of Transportation - Caltrans,,,"Sacramento, San Bernardino, CA",,"Jan 26, 2026","Jan 20, 2026",,"Jan 09, 2026",,False,New
Yes,City Park Structures Roofing Project,https://www.bidocean.com/subscriber-portal/view-opportunity/10543557366960d0eb779944.30186266,"Colton, City of - Public Works Dept.",,,"Colton, San Bernardino, CA",,"Feb 04, 2026","Jan 20, 2026",,"Jan 09, 2026",,False,New
Yes,Complete Roof System - REBID,https://www.bidocean.com/subscriber-portal/view-opportunity/1934957131695f57f914ad95.14480582,"State of California, Department of Corrections and Rehabilitation Office of Business Services Contracts Management Branch",,,"Sacramento, San Bernardino, CA",,"Jan 21, 2026","Nov 05, 2026",,"Jan 08, 2026",,False,New
Yes,Chaffey Joint Union High School District Project District-wide Structured Cabling Identification: Installation and Materials,https://www.bidocean.com/subscriber-portal/view-opportunity/707455565694f80894451c4.48132404,"Chaffey Joint Union High School District, Director of Purchasing",,,"Ontario, San Bernardino, CA",,"Jan 20, 2026","Dec 29, 2025",,"Jan 07, 2026",,False,New
Yes,Homeless Navigation Center Campus (RFQ),https://www.bidocean.com/subscriber-portal/view-opportunity/95049741691aafd7a18c55.95906908,"San Bernardino, City of",,,"San Bernardino, San Bernardino, CA",,"Jan 13, 2026","Nov 19, 2025",,"Jan 07, 2026",,False,New
Yes,Police Department Restroom Remodel Project,https://www.bidocean.com/subscriber-portal/view-opportunity/94718923695d885f216747.90634005,"Colton, City of",,,"Colton, San Bernardino, CA",,"Jan 22, 2026",,,"Jan 06, 2026",,False,New
Yes,Construction of the Central Plant Cooling Tower Replacement,https://www.bidocean.com/subscriber-portal/view-opportunity/1422270050694eb0656a87f0.78524781,Inland Empire Utilities Agency,,,"Chino, San Bernardino, CA",,"Jan 22, 2026","Jan 07, 2026",,"Jan 03, 2026",,False,New
Yes,ARMC Central Plant Medical Vacuum System Replacement,https://www.bidocean.com/subscriber-portal/view-opportunity/49186488869180d0bb9f099.13671736,San Bernardino County Engineering Dept.,,,"San Bernardino, San Bernardino, CA",,"Jan 06, 2026","Nov 21, 2025",,"Dec 30, 2025",,False,New
Yes,"Interior Lobby Common Area, Suite 110,140 & 200, Lobby Boardroom (RFP)",https://www.bidocean.com/subscriber-portal/view-opportunity/64446788169535982ac6036.44054526,San Bernardino County Transportation Authority (SBCTA),,,"San Bernardino, San Bernardino, CA",,"Jan 30, 2026","Jan 09, 2026",,"Dec 29, 2025",,False,New
Yes,HVAC Replacement and Services (RFP),https://www.bidocean.com/subscriber-portal/view-opportunity/414347471693a8c39be38f9.78674123,Omnitrans,,,"San Bernardino, San Bernardino, CA",,"Feb 26, 2026","Jan 08, 2026",,"Dec 11, 2025",,False,New
